role,date,time_slot
Physiotherapist,2026-01-01,08:00-09:00
Dietitian,2026-01-01,16:00-17:00
Occupational_Therapist,2026-01-01,14:00-15:00
Physiotherapist,2026-01-02,16:00-17:00
Dietitian,2026-01-02,08:00-09:00
Occupational_Therapist,2026-01-02,10:00-11:00
Physiotherapist,2026-01-03,10:00-11:00
Dietitian,2026-01-03,14:00-15:00
Occupational_Therapist,2026-01-03,08:00-09:00
Physiotherapist,2026-01-04,10:00-11:00
Dietitian,2026-01-04,08:00-09:00
Occupational_Therapist,2026-01-04,16:00-17:00
Physiotherapist,2026-01-05,08:00-09:00
Dietitian,2026-01-05,16:00-17:00
Occupational_Therapist,2026-01-05,10:00-11:00
Physiotherapist,2026-01-06,16:00-17:00
Dietitian,2026-01-06,10:00-11:00
Occupational_Therapist,2026-01-06,14:00-15:00
Physiotherapist,2026-01-07,10:00-11:00
Dietitian,2026-01-07,14:00-15:00
Occupational_Therapist,2026-01-07,10:00-11:00
Physiotherapist,2026-01-08,10:00-11:00
Dietitian,2026-01-08,10:00-11:00
Occupational_Therapist,2026-01-08,08:00-09:00
Physiotherapist,2026-01-09,08:00-09:00
Dietitian,2026-01-09,10:00-11:00
Occupational_Therapist,2026-01-09,08:00-09:00
Physiotherapist,2026-01-10,08:00-09:00
Dietitian,2026-01-10,10:00-11:00
Occupational_Therapist,2026-01-10,16:00-17:00
Physiotherapist,2026-01-11,08:00-09:00
Dietitian,2026-01-11,10:00-11:00
Occupational_Therapist,2026-01-11,16:00-17:00
Physiotherapist,2026-01-12,08:00-09:00
Dietitian,2026-01-12,14:00-15:00
Occupational_Therapist,2026-01-12,10:00-11:00
Physiotherapist,2026-01-13,10:00-11:00
Dietitian,2026-01-13,08:00-09:00
Occupational_Therapist,2026-01-13,08:00-09:00
Physiotherapist,2026-01-14,16:00-17:00
Dietitian,2026-01-14,08:00-09:00
Occupational_Therapist,2026-01-14,16:00-17:00
Physiotherapist,2026-01-15,10:00-11:00
Dietitian,2026-01-15,16:00-17:00
Occupational_Therapist,2026-01-15,10:00-11:00
Physiotherapist,2026-01-16,08:00-09:00
Dietitian,2026-01-16,16:00-17:00
Occupational_Therapist,2026-01-16,08:00-09:00
Physiotherapist,2026-01-17,16:00-17:00
Dietitian,2026-01-17,14:00-15:00
Occupational_Therapist,2026-01-17,10:00-11:00
Physiotherapist,2026-01-18,10:00-11:00
Dietitian,2026-01-18,10:00-11:00
Occupational_Therapist,2026-01-18,08:00-09:00
Physiotherapist,2026-01-19,08:00-09:00
Dietitian,2026-01-19,14:00-15:00
Occupational_Therapist,2026-01-19,08:00-09:00
Physiotherapist,2026-01-20,16:00-17:00
Dietitian,2026-01-20,14:00-15:00
Occupational_Therapist,2026-01-20,10:00-11:00
Physiotherapist,2026-01-21,08:00-09:00
Dietitian,2026-01-21,14:00-15:00
Occupational_Therapist,2026-01-21,10:00-11:00
Physiotherapist,2026-01-22,16:00-17:00
Dietitian,2026-01-22,14:00-15:00
Occupational_Therapist,2026-01-22,08:00-09:00
Physiotherapist,2026-01-23,10:00-11:00
Dietitian,2026-01-23,14:00-15:00
Occupational_Therapist,2026-01-23,14:00-15:00
Physiotherapist,2026-01-24,14:00-15:00
Dietitian,2026-01-24,08:00-09:00
Occupational_Therapist,2026-01-24,10:00-11:00
Physiotherapist,2026-01-25,10:00-11:00
Dietitian,2026-01-25,08:00-09:00
Occupational_Therapist,2026-01-25,16:00-17:00
Physiotherapist,2026-01-26,08:00-09:00
Dietitian,2026-01-26,10:00-11:00
Occupational_Therapist,2026-01-26,14:00-15:00
Physiotherapist,2026-01-27,08:00-09:00
Dietitian,2026-01-27,08:00-09:00
Occupational_Therapist,2026-01-27,16:00-17:00
Physiotherapist,2026-01-28,10:00-11:00
Dietitian,2026-01-28,14:00-15:00
Occupational_Therapist,2026-01-28,14:00-15:00
Physiotherapist,2026-01-29,08:00-09:00
Dietitian,2026-01-29,10:00-11:00
Occupational_Therapist,2026-01-29,08:00-09:00
Physiotherapist,2026-01-30,14:00-15:00
Dietitian,2026-01-30,16:00-17:00
Occupational_Therapist,2026-01-30,14:00-15:00
Physiotherapist,2026-01-31,10:00-11:00
Dietitian,2026-01-31,14:00-15:00
Occupational_Therapist,2026-01-31,16:00-17:00
Physiotherapist,2026-02-01,16:00-17:00
Dietitian,2026-02-01,14:00-15:00
Occupational_Therapist,2026-02-01,10:00-11:00
Physiotherapist,2026-02-02,14:00-15:00
Dietitian,2026-02-02,14:00-15:00
Occupational_Therapist,2026-02-02,14:00-15:00
Physiotherapist,2026-02-03,14:00-15:00
Dietitian,2026-02-03,08:00-09:00
Occupational_Therapist,2026-02-03,14:00-15:00
Physiotherapist,2026-02-04,08:00-09:00
Dietitian,2026-02-04,16:00-17:00
Occupational_Therapist,2026-02-04,08:00-09:00
Physiotherapist,2026-02-05,10:00-11:00
Dietitian,2026-02-05,10:00-11:00
Occupational_Therapist,2026-02-05,10:00-11:00
Physiotherapist,2026-02-06,14:00-15:00
Dietitian,2026-02-06,16:00-17:00
Occupational_Therapist,2026-02-06,08:00-09:00
Physiotherapist,2026-02-07,14:00-15:00
Dietitian,2026-02-07,08:00-09:00
Occupational_Therapist,2026-02-07,08:00-09:00
Physiotherapist,2026-02-08,08:00-09:00
Dietitian,2026-02-08,10:00-11:00
Occupational_Therapist,2026-02-08,14:00-15:00
Physiotherapist,2026-02-09,08:00-09:00
Dietitian,2026-02-09,14:00-15:00
Occupational_Therapist,2026-02-09,14:00-15:00
Physiotherapist,2026-02-10,10:00-11:00
Dietitian,2026-02-10,08:00-09:00
Occupational_Therapist,2026-02-10,14:00-15:00
Physiotherapist,2026-02-11,14:00-15:00
Dietitian,2026-02-11,16:00-17:00
Occupational_Therapist,2026-02-11,08:00-09:00
Physiotherapist,2026-02-12,16:00-17:00
Dietitian,2026-02-12,16:00-17:00
Occupational_Therapist,2026-02-12,08:00-09:00
Physiotherapist,2026-02-13,08:00-09:00
Dietitian,2026-02-13,08:00-09:00
Occupational_Therapist,2026-02-13,08:00-09:00
Physiotherapist,2026-02-14,16:00-17:00
Dietitian,2026-02-14,08:00-09:00
Occupational_Therapist,2026-02-14,16:00-17:00
Physiotherapist,2026-02-15,08:00-09:00
Dietitian,2026-02-15,16:00-17:00
Occupational_Therapist,2026-02-15,16:00-17:00
Physiotherapist,2026-02-16,10:00-11:00
Dietitian,2026-02-16,08:00-09:00
Occupational_Therapist,2026-02-16,10:00-11:00
Physiotherapist,2026-02-17,16:00-17:00
Dietitian,2026-02-17,14:00-15:00
Occupational_Therapist,2026-02-17,08:00-09:00
Physiotherapist,2026-02-18,16:00-17:00
Dietitian,2026-02-18,16:00-17:00
Occupational_Therapist,2026-02-18,16:00-17:00
Physiotherapist,2026-02-19,16:00-17:00
Dietitian,2026-02-19,16:00-17:00
Occupational_Therapist,2026-02-19,14:00-15:00
Physiotherapist,2026-02-20,08:00-09:00
Dietitian,2026-02-20,10:00-11:00
Occupational_Therapist,2026-02-20,08:00-09:00
Physiotherapist,2026-02-21,14:00-15:00
Dietitian,2026-02-21,08:00-09:00
Occupational_Therapist,2026-02-21,14:00-15:00
Physiotherapist,2026-02-22,14:00-15:00
Dietitian,2026-02-22,08:00-09:00
Occupational_Therapist,2026-02-22,08:00-09:00
Physiotherapist,2026-02-23,10:00-11:00
Dietitian,2026-02-23,16:00-17:00
Occupational_Therapist,2026-02-23,16:00-17:00
Physiotherapist,2026-02-24,14:00-15:00
Dietitian,2026-02-24,10:00-11:00
Occupational_Therapist,2026-02-24,08:00-09:00
Physiotherapist,2026-02-25,10:00-11:00
Dietitian,2026-02-25,10:00-11:00
Occupational_Therapist,2026-02-25,10:00-11:00
Physiotherapist,2026-02-26,16:00-17:00
Dietitian,2026-02-26,16:00-17:00
Occupational_Therapist,2026-02-26,10:00-11:00
Physiotherapist,2026-02-27,14:00-15:00
Dietitian,2026-02-27,08:00-09:00
Occupational_Therapist,2026-02-27,14:00-15:00
Physiotherapist,2026-02-28,10:00-11:00
Dietitian,2026-02-28,16:00-17:00
Occupational_Therapist,2026-02-28,16:00-17:00
Physiotherapist,2026-03-01,16:00-17:00
Dietitian,2026-03-01,14:00-15:00
Occupational_Therapist,2026-03-01,10:00-11:00
Physiotherapist,2026-03-02,14:00-15:00
Dietitian,2026-03-02,14:00-15:00
Occupational_Therapist,2026-03-02,16:00-17:00
Physiotherapist,2026-03-03,16:00-17:00
Dietitian,2026-03-03,08:00-09:00
Occupational_Therapist,2026-03-03,10:00-11:00
Physiotherapist,2026-03-04,10:00-11:00
Dietitian,2026-03-04,14:00-15:00
Occupational_Therapist,2026-03-04,14:00-15:00
Physiotherapist,2026-03-05,16:00-17:00
Dietitian,2026-03-05,08:00-09:00
Occupational_Therapist,2026-03-05,10:00-11:00
Physiotherapist,2026-03-06,10:00-11:00
Dietitian,2026-03-06,08:00-09:00
Occupational_Therapist,2026-03-06,08:00-09:00
Physiotherapist,2026-03-07,16:00-17:00
Dietitian,2026-03-07,08:00-09:00
Occupational_Therapist,2026-03-07,16:00-17:00
Physiotherapist,2026-03-08,10:00-11:00
Dietitian,2026-03-08,10:00-11:00
Occupational_Therapist,2026-03-08,10:00-11:00
Physiotherapist,2026-03-09,14:00-15:00
Dietitian,2026-03-09,10:00-11:00
Occupational_Therapist,2026-03-09,16:00-17:00
Physiotherapist,2026-03-10,08:00-09:00
Dietitian,2026-03-10,10:00-11:00
Occupational_Therapist,2026-03-10,16:00-17:00
Physiotherapist,2026-03-11,08:00-09:00
Dietitian,2026-03-11,10:00-11:00
Occupational_Therapist,2026-03-11,16:00-17:00
Physiotherapist,2026-03-12,08:00-09:00
Dietitian,2026-03-12,14:00-15:00
Occupational_Therapist,2026-03-12,08:00-09:00
Physiotherapist,2026-03-13,16:00-17:00
Dietitian,2026-03-13,16:00-17:00
Occupational_Therapist,2026-03-13,14:00-15:00
Physiotherapist,2026-03-14,16:00-17:00
Dietitian,2026-03-14,08:00-09:00
Occupational_Therapist,2026-03-14,16:00-17:00
Physiotherapist,2026-03-15,14:00-15:00
Dietitian,2026-03-15,08:00-09:00
Occupational_Therapist,2026-03-15,14:00-15:00
Physiotherapist,2026-03-16,16:00-17:00
Dietitian,2026-03-16,10:00-11:00
Occupational_Therapist,2026-03-16,10:00-11:00
Physiotherapist,2026-03-17,14:00-15:00
Dietitian,2026-03-17,14:00-15:00
Occupational_Therapist,2026-03-17,14:00-15:00
Physiotherapist,2026-03-18,14:00-15:00
Dietitian,2026-03-18,14:00-15:00
Occupational_Therapist,2026-03-18,08:00-09:00
Physiotherapist,2026-03-19,16:00-17:00
Dietitian,2026-03-19,08:00-09:00
Occupational_Therapist,2026-03-19,08:00-09:00
Physiotherapist,2026-03-20,08:00-09:00
Dietitian,2026-03-20,14:00-15:00
Occupational_Therapist,2026-03-20,14:00-15:00
Physiotherapist,2026-03-21,08:00-09:00
Dietitian,2026-03-21,08:00-09:00
Occupational_Therapist,2026-03-21,10:00-11:00
Physiotherapist,2026-03-22,16:00-17:00
Dietitian,2026-03-22,14:00-15:00
Occupational_Therapist,2026-03-22,08:00-09:00
Physiotherapist,2026-03-23,08:00-09:00
Dietitian,2026-03-23,16:00-17:00
Occupational_Therapist,2026-03-23,14:00-15:00
Physiotherapist,2026-03-24,08:00-09:00
Dietitian,2026-03-24,16:00-17:00
Occupational_Therapist,2026-03-24,16:00-17:00
Physiotherapist,2026-03-25,14:00-15:00
Dietitian,2026-03-25,10:00-11:00
Occupational_Therapist,2026-03-25,10:00-11:00
Physiotherapist,2026-03-26,10:00-11:00
Dietitian,2026-03-26,14:00-15:00
Occupational_Therapist,2026-03-26,16:00-17:00
Physiotherapist,2026-03-27,08:00-09:00
Dietitian,2026-03-27,16:00-17:00
Occupational_Therapist,2026-03-27,14:00-15:00
Physiotherapist,2026-03-28,16:00-17:00
Dietitian,2026-03-28,14:00-15:00
Occupational_Therapist,2026-03-28,14:00-15:00
Physiotherapist,2026-03-29,08:00-09:00
Dietitian,2026-03-29,16:00-17:00
Occupational_Therapist,2026-03-29,14:00-15:00
Physiotherapist,2026-03-30,10:00-11:00
Dietitian,2026-03-30,14:00-15:00
Occupational_Therapist,2026-03-30,10:00-11:00
Physiotherapist,2026-03-31,16:00-17:00
Dietitian,2026-03-31,08:00-09:00
Occupational_Therapist,2026-03-31,08:00-09:00
